fecha,activos
2015-01-30,"AABA-201910,AGN-201503,AMGN,BBWI,CFN-201503,DAL,EA,EW,KDP,KR,LOW,LUV,MAR,MNST,ORLY,REGN,ROST,SHW,SIAL-201511,SPLS-201709"
2015-02-27,"AAPL,AGN-201503,ANDV-201809,BBWI,CELG-201911,CFN-201503,EA,EW,IRM,KDP,KR,LOW,LUV,MNST,MO,ROST,SHW,SIAL-201511,SPLS-201709,WHR"
2015-03-31,"AAPL,ANDV-201809,BBWI,COR,DLTR,EA,ELV,EW,FTRCQ-202104,HSP-201509,KR,LOW,LUV,MNST,MO,RAI-201707,ROST,SIAL-201511,UNH,WHR"
2015-04-30,"ANDV-201809,BBWI,BSX,CI,COR,DLTR,EA,EW,HSP-201509,HUM,KMX,KR,KRFT-201507,LOW,LUV,MNST,ORLY,ROST,SPLS-201709,UNH"
2015-05-29,"AET-201811,AMZN,BBWI,BSX,CI,COR,DLTR,EA,HSP-201509,KMX,KR,KRFT-201507,KSS,LUV,MNST,NFLX,RHT-201907,SBUX,VMC,VTRS"
2015-06-30,"AET-201811,ALTR-201512,BRCM-201601,BSX,CI,COR,EA,ELV,ETFC-202010,HSP-201509,HUM,KMX,KRFT-201507,MNST,NEM,NFLX,PLL-201508,REGN,RHT-201907,VMC"
2015-07-31,"AET-201811,ALTR-201512,AMZN,BSX,CAG,CI,DRI,EA,ELV,EXPE,HAS,HSP-201509,HUM,MNST,NFLX,PLL-201508,REGN,SBUX,SEE,UNH"
2015-08-31,"ALTR-201512,AMZN,CI,CVC-201606,DIS,DRI,EA,EW,EXPE,HAS,HSP-201509,MNST,NFLX,ORLY,RAI-201707,REGN,SBUX,SEE,TSS-201909,TWC-201605"
2015-09-30,"AET-201811,ALTR-201512,AMZN,CAG,CB-201601,CI,CVC-201606,EA,EXPE,HAS,NFLX,NKE,ORLY,RAI-201707,REGN,SBUX,STZ,TSS-201909,TWC-201605,VMC"
2015-10-30,"AIZ,ALTR-201512,AMZN,ANDV-201809,BRCM-201601,CB-201601,CVC-201606,EA,EXPE,GAS-201606,NFLX,NKE,NVDA,ORLY,RAI-201707,SBUX,TE-201606,TSS-201909,TWC-201605,UAA"
2015-11-30,"ALTR-201512,AMZN,ANDV-201809,CB-201601,CVC-201606,EA,EXPE,GOOG,GOOGL,JNPR-202507,MAS,NFLX,NKE,NVDA,ORLY,RAI-201707,REGN,SBUX,TE-201606,TSS-201909"
2015-12-31,"AMZN,ANDV-201809,CAM-201604,CB-201601,CVC-201606,GOOG,GOOGL,HRL,MAS,META,NFLX,NKE,NVDA,RAI-201707,SBUX,TE-201606,TSS-201909,URI,VLO,VRSN"
2016-01-29,"AMZN,ANDV-201809,CVC-201606,FSLR,GAS-201606,GOOG,GOOGL,HRL,KDP,MCD,NFLX,NVDA,PSA,RAI-201707,STZ,TAP,TE-201606,TSN,TSS-201909,VRSN"
2016-02-29,"AMZN,ARG-201605,CAM-201604,CVC-201606,FSLR,GAS-201606,GOOG,GOOGL,HRL,MCD,META,MSFT,NDAQ,NVDA,PSA,RAI-201707,STZ,TE-201606,TSN,XLNX-202202"
2016-03-31,"ARG-201605,CINF,CPB,CVC-201606,EW,FSLR,HRL,KLAC,MAT,MCD,META,NDAQ,NEM,NI,NVDA,PSA,RAI-201707,TE-201606,TSN,VRSN"
2016-04-29,"AMZN,ARG-201605,AVY,CPB,FAST,FSLR,GE,HRL,KLAC,MAT,MCD,META,MSFT,NEM,NI,NVDA,PM,PSA,SNDK-201605,TSN"
2016-05-31,"AMZN,AVY,BSX,CINF,CPB,CVC-201606,EW,HRL,ISRG,MAT,MCD,META,NEM,NI,NVDA,SCG-201812,STZ,TE-201606,TPR,TSN"
2016-06-30,"AMAT,AMZN,BSX,CINF,CNP,DG,EW,ISRG,MAT,META,NEM,NI,NVDA,OKE,SCG-201812,SYY,TSN,VTR,WEC,WYNN"
2016-07-29,"AEE,CINF,CMS,CPB,ED,EIX,IRM,MLM,NEM,NI,NVDA,OKE,PNW,SCG-201812,SE-201702,TSN,VMC,VTR,WEC,WM"
2016-08-31,"AMAT,BSX,EW,FCX,GRMN,IRM,LLTC-201703,MAS,MLM,NEM,NFX-201902,NVDA,OKE,PLD,SYY,TSN,TXN,URI,VMC,VTR"
2016-09-30,"AMAT,AMZN,BSX,CHKAQ-202102,DVN,EW,GEN,LLTC-201703,MCHP,NEM,NFX-201902,NVDA,OKE,PLD,PXD-202405,SWN-202409,TSN,TXN,URI,XYL"
2016-10-31,"ADSK,AMAT,AMZN,APA,DVN,EBAY,EW,GEN,LLTC-201703,MCHP,MU,NEM,NVDA,OKE,PXD-202405,SE-201702,STJ-201701,SWN-202409,WMB,XYL"
2016-11-30,"AKAM,AMAT,AVGO,FFIV,GEN,GRMN,LLTC-201703,LRCX,MCHP,MU,NEM,NFLX,NTAP,NVDA,OKE,PWR,QCOM,SE-201702,STX,TSN"
2016-12-30,"AMAT,BBY,CHKAQ-202102,CMA,FCX,GEN,KSS,LLTC-201703,MS,MU,NAVI,NUE,NVDA,OKE,PWR,RF,SE-201702,STX,URI,ZION"
2017-01-31,"AMAT,BAC,BBY,BKR,CHKAQ-202102,CMA,FCX,FITB,GS,KEY,LNC,MS,MU,NAVI,NVDA,OKE,PWR,RF,URI,ZION"
2017-02-28,"AMAT,BAC,CMA,CSX,ETFC-202010,FCX,KEY,LNC,MS,MU,NFLX,NTAP,NVDA,OKE,PWR,RF,STX,URI,WDC,ZION"
2017-03-31,"BAC,CMA,CSX,FITB,GS,JEF,KEY,LNC,MS,MU,NVDA,OKE,PRU,PWR,RF,STI-201912,STX,URI,WDC,ZION"
2017-04-28,"AMAT,BAC,CMA,CSX,FMC,GS,JEF,KEY,LNC,LRCX,MS,MU,NFLX,NRG,NVDA,PWR,RF,URI,WDC,ZION"
2017-05-31,"AMAT,AMP,BAC,BBY,BCR-201712,CMA,CSX,FMC,GEN,JEF,LNC,LRCX,MS,MU,NVDA,STX,TNL,URI,VRTX,WDC"
2017-06-30,"AAPL,ADSK,AMAT,ATVI-202310,AVGO,BBY,BCR-201712,CSX,EA,FMC,GEN,LRCX,MAR,MU,NFLX,NVDA,STX,SWKS,TNL,WDC"
2017-07-31,"ADBE,ADSK,AMAT,ATVI-202310,AVGO,BA,BBY,CSX,FMC,HAS,ISRG,LRCX,MU,NVDA,PYPL,RCL,SWKS,VRTX,WDC,WYNN"
2017-08-31,"ADBE,ADSK,AMAT,AMP,ATVI-202310,BA,BBY,BCR-201712,DE,EA,FMC,HRB,LRCX,MU,NFLX,NRG,NVDA,PYPL,TNL,VRTX"
2017-09-29,"ADBE,ADSK,ATVI-202310,BA,BCR-201712,COL-201811,EA,FMC,ISRG,LRCX,MU,NFLX,NRG,NVDA,PYPL,RCL,RHT-201907,VRTX,WDC,WYNN"
2017-10-31,"ABBV,ADSK,AMAT,BA,CAT,CNC,COL-201811,CSX,FMC,ISRG,LRCX,MU,NFLX,NRG,NVDA,PYPL,TNL,TROW,VRTX,WYNN"
2017-11-30,"ABBV,ADSK,AMAT,AMP,BA,CAT,CF,FMC,ISRG,LRCX,MAR,MU,NRG,NVDA,PHM,PYPL,RHT-201907,ROK,URI,VRTX"
2017-12-29,"ABBV,ADBE,AVY,BA,CPRI,DHI,EL,ILMN,ISRG,LRCX,MU,NRG,NTAP,NVDA,PHM,PYPL,RHT-201907,TROW,TSN,URI"
2018-01-31,"BA,BF.B,CAT,CF,CPRI,DHI,DLTR,EL,FCX,GAP,LRCX,MAR,MU,NRG,NTAP,NVDA,PHM,PYPL,URI,WYNN"
2018-02-28,"ABBV,ADBE,AMZN,BA,CAT,CPRI,DHI,DLTR,EL,ISRG,KSS,MAR,MU,NFLX,NTAP,NVDA,PYPL,STX,TROW,TSS-201909"
2018-03-29,"ABBV,ADBE,AMZN,BA,BBY,CAT,CPRI,DE,EL,ISRG,KSS,MAR,MU,NFLX,NTAP,NVDA,PYPL,RHT-201907,STX,TROW"
2018-04-30,"ADBE,AMZN,BA,CPRI,EL,ETFC-202010,GWW,INTC,KSS,MU,NFLX,NTAP,NVDA,PGR,PYPL,RHT-201907,STX,TSS-201909,XL-201809,ZTS"
2018-05-31,"ADBE,AMZN,ANDV-201809,BA,BBY,CPRI,EL,ETFC-202010,GWW,KDP,KSS,M,NFLX,NRG,NTAP,NVDA,RHT-201907,STX,TROW,VLO"
2018-06-29,"ADBE,AKAM,AMD,AMZN,ANDV-201809,BA,ETFC-202010,GWW,KSS,M,MRO-202411,MU,NFLX,NRG,RHT-201907,RL,STX,TIF-202101,TRIP,VLO"
2018-07-31,"ADBE,AMD,AMZN,APC-201908,CRM,GWW,HES-202507,KSS,M,MA,MRO-202411,MU,NFLX,NTAP,RL,STX,TFCF-201903,TFCFA-201903,TRIP,XL-201809"
2018-08-31,"ADBE,AMD,AMZN,ANDV-201809,APC-201908,COP,GWW,HES-202507,ILMN,KSS,M,MU,NFLX,NOV,NTAP,RHI,RL,TRIP,VLO,XL-201809"
2018-09-28,"AAP,AMD,AMZN,CF,CMG,CNC,COP,GWW,HCA,HES-202507,ILMN,ISRG,KSS,M,MRO-202411,NFLX,NTAP,ORLY,RHI,VLO"
2018-10-31,"AAP,AMD,AMZN,CF,CRM,DISCK-202204,FFIV,GWW,HCA,HES-202507,ILMN,ISRG,MRO-202411,NFLX,NTAP,ORLY,TFCF-201903,TFCFA-201903,TSCO,WBD"
2018-11-30,"AAP,AMD,DISCK-202204,ESRX-201812,HCA,ILMN,JWN-202505,KSS,M,MKC,NTAP,ROST,TFCF-201903,TFCFA-201903,TJX,TRIP,TSCO,UA,UAA,WBD"
2018-12-31,"AAP,AES,AMD,CHD,DISCK-202204,HCA,LLY,MKC,MOS,MRK,ORLY,TFCF-201903,TFCFA-201903,TRIP,TSCO,UA,UAA,UAL,WBD,XLNX-202202"
2019-01-31,"AAP,ABT,AES,AMD,AZO,BALL,BSX,CHD,CME,HCA,LLY,MKC,MRK,NRG,ORLY,PFE,RHT-201907,SBUX,UAL,XLNX-202202"
2019-02-28,"AAP,AES,AMD,BALL,BSX,CHD,CMG,DOC,EW,HCA,LLY,NRG,O,RHT-201907,SBUX,TRIP,ULTA,VRSN,WELL,XLNX-202202"
2019-03-29,"AES,AMD,AZO,BA,BALL,CMG,DOC,FL-202509,GRMN,INTU,LLY,MRK,NRG,O,SBUX,TDG,ULTA,VRSN,WELL,XLNX-202202"
2019-04-30,"AES,AMD,AMT,AZO,BALL,CDNS,CHD,CMG,DOC,GRMN,INTU,LLY,MRK,O,PG,SBUX,TDG,ULTA,WELL,XLNX-202202"
2019-05-31,"ADI,ADSK,AMD,AVGO,AZO,BALL,CDNS,CHD,CMG,FAST,GRMN,MCHP,PYPL,QCOM,SBUX,SNPS,TDG,TT,VRSN,XLNX-202202"
2019-06-28,"AMD,AMT,APD,AZO,BALL,CDNS,CHD,CINF,CMG,GPN,HSY,LHX,MA,PAYX,PYPL,SBAC,SNPS,TSS-201909,VRSN,XRAY"
2019-07-31,"AMD,APD,AZO,BALL,CDNS,CINF,CMG,COTY,GPN,HWM,MSI,MTD,SBUX,SNPS,TSS-201909,ULTA,VRSN,XLNX-202202,XRAY,XRX"
2019-08-30,"AMD,APD,AZO,BALL,CDNS,CINF,CMG,CTAS,ECL,EL,GPN,HSY,KMX,MLM,MSI,QCOM,SBAC,SBUX,SNPS,TSS-201909"
2019-09-30,"AMT,AWK,BALL,CINF,CMG,DG,EW,HSY,MSI,PG,QCOM,SBAC,SBUX,SNPS,TDG,TGT,TSN,TTWO,WEC,ZTS"
2019-10-31,"BALL,CINF,CMG,CTAS,DG,ETR,HSY,KLAC,LRCX,MLM,NOC,PG,PHM,SBAC,SBUX,SO,TGT,TSN,TTWO,VMC"
2019-11-29,"AIZ,AMAT,AMD,CHTR,DG,DOC,EQIX,ETR,EW,KLAC,LEG,LRCX,MAA,PHM,RMD,SHW,STX,TDG,TGT,WU"
2019-12-31,"AAPL,AMAT,AMD,ANSS-202507,APTV,CMG,EW,HWM,KLAC,KSU-202112,LEG,LRCX,NVDA,QRVO,STX,SWKS,TDG,TGT,TIF-202101,WU"
2020-01-31,"AAPL,AMAT,AMD,ANSS-202507,BBY,CAG,HWM,KLAC,LKQ,LRCX,MU,NVDA,QRVO,STX,SWKS,TDG,TGT,TIF-202101,WDC,WU"
2020-02-28,"AAPL,AMD,ANSS-202507,BMY,CHTR,DHI,FTNT,KSU-202112,LEN,LRCX,MSFT,NEE,NVDA,PHM,QRVO,RMD,SWKS,TDG,TGT,TIF-202101"
2020-03-31,"AAPL,ADSK,AGN-202005,AMAT,AMD,CHTR,DVA,GEN,HWM,KSU-202112,LRCX,MSCI,MSFT,NVDA,PHM,QRVO,REGN,RMD,SWKS,TIF-202101"
2020-04-30,"AAPL,AMD,BIIB,CNC,CTXS-202209,DVA,EQIX,FTNT,GEN,KR,MSCI,MSFT,NEM,NFLX,NVDA,REGN,RMD,SBAC,TIF-202101,VRTX"
2020-05-29,"AAPL,AMD,AMZN,CTXS-202209,DVA,EQIX,FTNT,GEN,GILD,HUM,KR,LLY,MSCI,MSFT,NEM,NFLX,NVDA,REGN,SBAC,VRTX"
2020-06-30,"AAPL,AMD,AMZN,ATVI-202310,CLX,CTXS-202209,DVA,FTNT,GEN,HUM,MSCI,NEM,NVDA,PYPL,REGN,SBAC,SNPS,SPGI,SWKS,VRTX"
2020-07-31,"AAPL,ADBE,ADSK,AMD,AMZN,ATVI-202310,CLX,CTXS-202209,EBAY,FTNT,GEN,LRCX,MSFT,NEM,NVDA,PYPL,REGN,RMD,SNPS,VRTX"
2020-08-31,"AAPL,AMD,AMZN,ATVI-202310,CDNS,CLX,EBAY,EQIX,FAST,GEN,KR,LRCX,MSCI,NEM,NFLX,NVDA,PYPL,REGN,SWKS,TSCO"
2020-09-30,"AAPL,ABMD-202212,ADBE,AMD,AMZN,BBY,CDNS,CMG,CRM,FCX,NEM,NFLX,NVDA,PYPL,QCOM,REGN,SNPS,SWKS,TSCO,UPS"
2020-10-30,"AAPL,ABMD-202212,ALGN,AMD,AMZN,BBWI,BBY,CMG,CRM,DHI,FBIN,FCX,FDX,LEN,LOW,NVDA,PHM,PYPL,SWKS,WHR"
2020-11-30,"AAPL,ALB,ALGN,AMD,BBWI,BBY,DHR,FBIN,FCX,FDX,GAP,IDXX,LOW,NVDA,PWR,PYPL,QCOM,ROL,UPS,WHR"
2020-12-31,"AAPL,ALB,ALGN,AMD,BBWI,DE,FCX,FDX,GAP,IDXX,LRCX,NVDA,PWR,PYPL,QCOM,TPR,TT,UPS,URI,XLNX-202202"
2021-01-29,"AAPL,ABMD-202212,ALB,ALGN,AMD,BBWI,CDNS,DE,FCX,FDX,IDXX,NVDA,PWR,PYPL,QCOM,SIVBQ-202411,TPR,TT,TTWO,TWTR-202210"
2021-02-26,"ALB,ALGN,AMAT,APTV,BBWI,DE,DISCK-202204,FCX,GM,IVZ,MOS,NVDA,PSKY,PWR,QCOM,SIVBQ-202411,TGT,TPR,URI,WBD"
2021-03-31,"ALB,ALGN,AMAT,APTV,BBWI,DE,DISCK-202204,FCX,IVZ,LRCX,MU,PSKY,PWR,SIVBQ-202411,TPR,TWTR-202210,UA,UAA,URI,WBD"
2021-04-30,"AMAT,APA,BBWI,DVN,EXPE,FANG,FCX,GAP,GM,HAL,IVZ,LNC,MGM,MRO-202411,NWSA,OKE,OXY,SIVBQ-202411,TPR,URI"
2021-05-28,"ALB,AMAT,BBWI,COF,DFS-202505,DVN,EXPE,FANG,FCX,GAP,HWM,IVZ,MGM,MHK,MOS,MRO-202411,NWSA,OXY,SIVBQ-202411,TPR"
2021-06-30,"AAL,AMAT,BBWI,COF,DFS-202505,DVN,DXC,F,FANG,FCX,FITB,GAP,HWM,IVZ,MHK,MOS,MRO-202411,NUE,SIVBQ-202411,TPR"
2021-07-30,"AMAT,BBWI,COF,DVN,DXC,EOG,F,FANG,FCX,GAP,GM,IVZ,MOS,MRO-202411,NUE,NVDA,OXY,SIVBQ-202411,SPG,TPR"
2021-08-31,"AMAT,BBWI,CBRE,COF,DFS-202505,DVN,DXC,FCX,FTNT,GAP,HCA,IPG-202511,IT,MHK,MRO-202411,NUE,TGT,TPR,TXT,WFC"
2021-09-30,"ALB,ALGN,BBWI,COF,DFS-202505,DVN,DXC,EFX,EXR,FTNT,HCA,IPG-202511,IT,MS,MSCI,NTAP,NUE,NVDA,TXT,WAT"
2021-10-29,"ALB,BBWI,COF,COP,DFS-202505,DVN,DXCM,FANG,FTNT,INTU,IPG-202511,IT,MRO-202411,MSCI,NUE,NVDA,OKE,OXY,PWR,SIVBQ-202411"
2021-11-30,"ALB,APA,BBWI,COP,DVN,DXCM,EOG,F,FANG,FTNT,INTU,IT,LLY,MRO-202411,NUE,NVDA,OKE,OXY,RHI,SIVBQ-202411"
2021-12-31,"ALB,AMD,ANET,APA,BBWI,COP,DVN,DXCM,EXR,F,FANG,FTNT,INTU,IT,MRO-202411,NVDA,ODFL,SIVBQ-202411,SPG,XLNX-202202"
2022-01-31,"AMD,ANET,AZO,BBWI,CF,DRE-202209,DVN,EXR,F,FANG,FTNT,IT,MAA,MRO-202411,NUE,NVDA,ODFL,PFE,PLD,TER"
2022-02-28,"ANET,APA,CF,CMA,COP,CVX,DVN,EOG,F,FANG,HAL,LYV,MPC,MRO-202411,NVDA,OXY,PXD-202405,SCHW,SLB,XOM"
2022-03-31,"ANET,APA,CF,COP,CTRA,CVX,DLTR,DVN,EOG,FANG,FTNT,HAL,HES-202507,MCK,MOS,MRO-202411,NUE,OXY,PXD-202405,XOM"
2022-04-29,"ABBV,ADM,ANET,APA,BKR,CF,COP,CVX,DLTR,DVN,EOG,FANG,HAL,MCK,MOS,MRO-202411,NUE,NVDA,OXY,PXD-202405"
2022-05-31,"ADM,APA,CF,COP,CTRA,CVX,DLTR,DVN,EOG,HAL,KR,MCK,MOS,MPC,MRO-202411,NUE,OXY,PXD-202405,VLO,XOM"
2022-06-30,"APA,BKR,CF,COP,CTRA,CVX,DVN,EOG,FANG,HAL,HES-202507,MCK,MOS,MPC,MRO-202411,OXY,PXD-202405,SLB,VLO,XOM"
2022-07-29,"APA,CF,COP,CTRA,CVX,DVN,ENPH,EOG,HAL,HES-202507,MCK,MOS,MPC,MRO-202411,OXY,PXD-202405,VLO,VRTX,WRB,XOM"
2022-08-31,"APA,CF,COP,CTRA,CVX,DLTR,DVN,ENPH,HES-202507,LLY,MCK,MOS,MPC,MRO-202411,NUE,OXY,PWR,PXD-202405,VLO,XOM"
2022-09-30,"APA,CAH,CF,COP,CTRA,CVX,DVN,ENPH,EOG,GPC,HES-202507,MCK,MPC,MRO-202411,NLSN-202210,OXY,PWR,PXD-202405,VLO,XOM"
2022-10-31,"ALB,CAH,CF,CI,COP,DVN,ENPH,EOG,GIS,GPC,HES-202507,LLY,LW,MCK,MPC,MRO-202411,OXY,VLO,VRTX,XOM"
2022-11-30,"AZO,CAH,CF,CI,COP,DVN,ENPH,EOG,FANG,GPC,HES-202507,LW,MCK,MPC,MRO-202411,NOC,ORLY,OXY,SLB,XOM"
2022-12-30,"BIIB,CAH,CF,CI,COP,ENPH,GILD,GPC,HES-202507,LVS,LW,MCK,MPC,MRK,ORLY,OXY,SLB,VLO,VRTX,XOM"
2023-01-31,"APA,CAH,CI,COP,CVX,DE,ENPH,EOG,GILD,HAL,HES-202507,LVS,MPC,MRO-202411,OXY,PSX,ROST,SLB,VLO,XOM"
2023-02-28,"BIIB,CAH,COP,FCX,GILD,HAL,HES-202507,LVS,LW,MPC,NUE,PFG,ROST,SLB,TPR,ULTA,URI,VLO,WYNN,XOM"
2023-03-31,"BIIB,BWA,CAT,DAY,EG,GE,GILD,GWW,LVS,LW,MPC,MRK,PH,RCL,SLB,UAL,ULTA,URI,VLO,WYNN"
2023-04-28,"ANET,BA,BKNG,BWA,DHI,GE,GILD,GWW,LEN,LVS,LW,MKTX,MPC,NVDA,ORCL,PHM,TPR,ULTA,VLO,WYNN"
2023-05-31,"ALGN,ANET,BA,CDNS,CMG,CPRT,DHI,GE,LEN,LVS,LW,META,NFLX,NVDA,NVR,PHM,SBUX,ULTA,WST,WYNN"
2023-06-30,"AMD,ANET,AVGO,BA,CDNS,CMG,CPRT,CRM,DHI,GE,LVS,LW,META,NFLX,NVDA,ORCL,PHM,PWR,RCL,SNPS"
2023-07-31,"ALGN,AMAT,AMD,AVGO,CCL,CMG,CPRT,DHI,GE,GWW,LEN,META,NCLH,NFLX,NVDA,ORCL,PHM,RCL,TDG,TSLA"
2023-08-31,"ADBE,ALGN,AMAT,AMD,AVGO,CARR,CCL,DHI,FTNT,GE,LRCX,META,MGM,NCLH,NFLX,NVDA,ORCL,PHM,PWR,RCL"
2023-09-29,"ADBE,AMAT,ANET,AVGO,CCL,CEG,DHI,ETN,GE,GOOG,ISRG,LLY,LRCX,META,NFLX,NVDA,ORCL,PHM,PNR,RCL"
2023-10-31,"ADBE,AKAM,AVGO,BKNG,BKR,CAT,CCL,CEG,ETN,FDX,GE,HAL,LLY,LRCX,META,NVDA,ODFL,PHM,RCL,SLB"
2023-11-30,"ADBE,AMAT,AMD,ANET,AVGO,CDNS,CEG,DLR,ETN,GE,KLAC,LLY,META,MPC,NFLX,NOW,NVDA,PHM,RCL,SNPS"
2023-12-29,"ADBE,AIZ,ANET,CBOE,CCL,CEG,GE,INTC,INTU,LLY,META,NOW,NTAP,NVDA,PH,PHM,RCL,STX,TDG,URI"
2024-01-31,"AMD,ANET,AVGO,BKNG,CE,CRM,EXPE,INTC,INTU,LRCX,META,MU,NOW,NRG,NVDA,PHM,RCL,STX,URI,WDC"
2024-02-29,"AMD,ANET,AVGO,CBOE,CEG,CRM,IBM,LLY,META,NFLX,NOW,NRG,NVDA,PGR,PHM,PSX,RCL,STX,TDG,URI"
2024-03-28,"AMAT,AMD,AMZN,ANET,AVGO,CEG,CMG,CRM,GE,KLAC,LLY,LRCX,META,NFLX,NRG,NVDA,PCAR,PHM,RL,URI"
2024-04-30,"AMD,ANET,AVGO,CEG,CMG,ETN,GE,KLAC,LLY,LRCX,META,MU,NFLX,NRG,NVDA,PHM,RCL,RL,URI,WDC"
2024-05-31,"AMAT,AMD,AVGO,CEG,CMG,DPZ,DVA,ETN,GE,KLAC,LLY,LRCX,MU,NRG,NVDA,RCL,TDG,TT,URI,WDC"
2024-06-28,"APH,BBWI,CEG,ETN,FSLR,GE,HWM,LDOS,LLY,META,MU,NRG,NVDA,QCOM,RL,TT,URI,WAB,WDC,WRK-202407"
2024-07-31,"AMAT,ANET,APH,AVGO,CEG,GE,HWM,KLAC,LDOS,LLY,LRCX,META,MU,NRG,NTAP,NVDA,QCOM,TRGP,TT,WDC"
2024-08-30,"ANET,AVGO,CEG,GE,GRMN,HIG,HWM,IRM,KLAC,LDOS,LLY,MHK,MMM,MPWR,NRG,NTAP,NVDA,TRGP,TT,UHS"
2024-09-30,"ANET,CFG,GE,GRMN,HWM,IRM,K-202512,MMM,MPWR,NEM,NRG,NTAP,NVDA,PGR,RCL,RMD,TRGP,TT,UHS,VTR"
2024-10-31,"ANET,AVGO,CEG,FICO,FSLR,GE,HWM,IRM,K-202512,MMM,MPWR,NEM,NRG,NVDA,ORCL,RCL,TRGP,TT,VTR,WELL"
2024-11-29,"ANET,AVGO,CBRE,CCL,CEG,ETR,FICO,GEN,GLW,GRMN,HWM,IP,IRM,ISRG,NRG,NVDA,ORCL,RCL,TRGP,UAL"
2024-12-31,"AXON,CBRE,CCL,DFS-202505,FICO,FTNT,HWM,IRM,KMI,MTB,NCLH,NRG,NVDA,ORCL,RCL,SYF,TPR,TRGP,TSLA,UAL"
2025-01-31,"ANET,AVGO,AXON,ETR,FOX,FOXA,FTNT,HWM,K-202512,KMI,NFLX,NVDA,RCL,RL,SYF,TPR,TRGP,TSLA,UAL,WMT"
2025-02-28,"AVGO,AXON,CCL,CEG,DAL,DFS-202505,FTNT,HWM,LYV,META,NCLH,NFLX,NRG,RCL,RL,TPR,TRGP,TSLA,UAL,WMT"
2025-03-31,"AXON,CCL,DFS-202505,ETR,FFIV,FOX,FOXA,GILD,HWM,MMM,NFLX,NRG,PM,RCL,RL,T,TMUS,TPR,TRGP,UAL"
2025-04-30,"AXON,EQT,ETR,FOX,FOXA,GILD,GRMN,HWM,KMI,MO,NFLX,PM,T,TMUS,TPR,TRGP,TTWO,VRSN,WELL,WMB"
2025-05-30,"AXON,CAH,CNP,FOX,FOXA,FTNT,GILD,GL,HWM,MCK,NFLX,NRG,PM,T,TPR,TTWO,UBER,VRSN,WMT,WRB"
2025-06-30,"AVGO,AXON,CAH,CME,DRI,FFIV,FOXA,GE,GILD,HWM,MOS,NFLX,NRG,PAYC,PM,PODD,T,TPR,UBER,VRSN"
2025-07-31,"APH,AXON,CAH,CEG,GE,GEV,HWM,IBM,JBL,JCI,NEM,NFLX,NRG,PM,RCL,SMCI,STX,TPR,UBER,VRSN"
2025-08-29,"APH,AVGO,AXON,EBAY,GE,GEV,HWM,JBL,JCI,NEM,NFLX,NRG,NVDA,ORCL,PWR,RCL,SMCI,STX,TPR,WDC"
2025-09-30,"ANET,APH,AVGO,AXON,CCL,DG,EBAY,GE,GEV,GLW,HWM,NEM,NRG,ORCL,RCL,STX,TPR,UAL,WDC,WYNN"
2025-10-31,"ANET,APH,AVGO,GEV,GLW,HWM,JBL,LRCX,MU,NEM,NRG,NVDA,ORCL,PSKY,RCL,STX,TPR,TSLA,WBD,WDC"
2025-11-28,"AMD,ANET,APH,AVGO,CAT,FSLR,GLW,GOOGL,HWM,INTC,KLAC,LRCX,MU,NRG,ORCL,STX,TER,TPR,WBD,WDC"
2025-12-31,"ALB,AMD,APH,AVGO,CHRW,GLW,GOOG,GOOGL,IDXX,INTC,IVZ,KLAC,LRCX,MU,NEM,STX,TER,TPR,WBD,WDC"
2026-01-30,
